user_id,age,gender,location,swipe_direction,match,timestamp,app_opens_today,subscription,session_time
4174,44,Male,Kolkata,Left,No,2024-03-25 02:44:00,4,Free,12
4507,30,Other,Kolkata,Left,No,2024-03-28 15:11:00,3,Plus,44
1860,22,Female,Delhi,Right,No,2024-03-21 05:34:00,2,Free,28
2294,40,Female,Mumbai,Right,No,2024-03-03 17:07:00,6,Free,2
2130,41,Female,Mumbai,Left,No,2024-03-24 07:35:00,4,Gold,37
2095,18,Male,Hyderabad,Right,Yes,2024-03-04 08:27:00,3,Free,57
4772,39,Female,Hyderabad,Right,Yes,2024-03-22 06:07:00,3,Free,57
4092,18,Female,Hyderabad,Right,Yes,2024-03-10 12:19:00,6,Plus,34
2638,35,Female,Mumbai,Left,No,2024-03-26 21:32:00,4,Free,23
3169,32,Male,Bangalore,Left,No,2024-03-18 23:23:00,2,Free,58
1466,34,Female,Kolkata,Left,No,2024-03-04 16:33:00,1,Free,52
2238,28,Female,Bangalore,Left,No,2024-03-10 10:38:00,3,Plus,45
1330,38,Other,Bangalore,Left,No,2024-03-21 00:07:00,4,Free,29
2482,43,Female,Mumbai,Left,No,2024-03-04 09:27:00,5,Plus,35
3135,42,Female,Bangalore,Right,No,2024-03-03 16:14:00,6,Free,11
4444,39,Female,Delhi,Left,No,2024-03-11 02:16:00,2,Free,48
4171,44,Female,Hyderabad,Left,No,2024-03-03 11:18:00,4,Plus,33
3919,44,Male,Delhi,Right,No,2024-03-07 18:52:00,4,Free,51
4735,34,Female,Kolkata,Left,No,2024-03-26 05:43:00,0,Free,11
1130,30,Female,Hyderabad,Left,No,2024-03-25 10:26:00,4,Free,9
2685,18,Female,Bangalore,Right,No,2024-03-26 16:06:00,5,Plus,14
4380,19,Male,Kolkata,Left,No,2024-03-24 10:49:00,2,Free,9
1769,26,Male,Hyderabad,Right,Yes,2024-03-28 16:47:00,5,Free,39
3391,20,Female,Bangalore,Right,No,2024-03-14 08:29:00,4,Free,48
2515,18,Male,Delhi,Left,No,2024-03-07 17:13:00,5,Gold,3
4485,38,Female,Hyderabad,Right,No,2024-03-20 08:37:00,2,Free,29
3853,33,Male,Bangalore,Left,No,2024-03-22 22:41:00,2,Free,19
3433,40,Male,Delhi,Left,No,2024-03-27 10:44:00,0,Free,36
2215,23,Other,Kolkata,Left,No,2024-03-12 06:44:00,4,Free,32
1955,34,Female,Kolkata,Left,No,2024-03-19 23:56:00,1,Free,7
3324,22,Male,Kolkata,Right,No,2024-03-12 16:06:00,2,Free,55
2184,22,Male,Kolkata,Left,No,2024-03-17 00:59:00,3,Free,28
1459,23,Male,Mumbai,Left,No,2024-03-26 17:14:00,2,Plus,44
4385,20,Female,Hyderabad,Left,No,2024-03-28 23:57:00,2,Plus,18
1021,38,Male,Hyderabad,Left,No,2024-03-14 06:14:00,1,Free,5
3300,40,Female,Mumbai,Left,No,2024-03-08 08:29:00,3,Plus,23
1747,22,Other,Bangalore,Left,No,2024-03-02 03:37:00,4,Free,55
3904,38,Male,Bangalore,Right,No,2024-03-23 18:04:00,6,Plus,22
4632,22,Female,Kolkata,Left,No,2024-03-28 10:51:00,3,Free,26
1474,27,Other,Delhi,Left,No,2024-03-03 04:44:00,2,Free,42
2082,27,Male,Bangalore,Left,No,2024-03-20 03:02:00,3,Gold,12
3558,36,Female,Delhi,Left,No,2024-03-13 19:17:00,1,Plus,40
4753,34,Female,Hyderabad,Right,No,2024-03-29 15:27:00,2,Free,19
3047,38,Other,Delhi,Left,No,2024-03-27 17:45:00,1,Free,47
4547,31,Female,Hyderabad,Left,No,2024-03-14 14:41:00,3,Free,1
3747,26,Female,Mumbai,Left,No,2024-03-20 17:50:00,4,Free,3
1975,31,Female,Mumbai,Right,Yes,2024-03-05 04:09:00,2,Free,27
2806,18,Female,Kolkata,Right,No,2024-03-04 03:52:00,2,Free,18
1189,36,Female,Bangalore,Left,No,2024-03-07 12:57:00,3,Plus,50
4005,30,Female,Kolkata,Right,No,2024-03-30 03:49:00,2,Free,30
3734,30,Female,Hyderabad,Right,No,2024-03-02 20:31:00,2,Free,2
4005,21,Male,Kolkata,Right,No,2024-03-05 12:39:00,3,Free,5
1562,18,Male,Delhi,Right,No,2024-03-26 12:10:00,1,Free,29
2899,34,Male,Hyderabad,Left,No,2024-03-09 20:14:00,6,Free,33
4638,25,Male,Mumbai,Left,No,2024-03-03 14:02:00,2,Free,42
2267,19,Male,Bangalore,Left,No,2024-03-04 09:46:00,2,Plus,20
3879,25,Other,Hyderabad,Left,No,2024-03-21 21:36:00,2,Plus,30
2528,24,Male,Hyderabad,Superlike,No,2024-03-28 19:11:00,4,Free,42
4202,43,Female,Delhi,Left,No,2024-03-10 12:19:00,1,Free,5
4556,43,Male,Bangalore,Left,No,2024-03-15 21:18:00,2,Free,50
4890,19,Female,Mumbai,Right,No,2024-03-24 07:36:00,4,Plus,21
1646,39,Other,Hyderabad,Left,No,2024-03-30 02:58:00,3,Plus,58
3068,39,Female,Hyderabad,Left,No,2024-03-23 09:27:00,3,Free,15
3888,20,Female,Delhi,Left,No,2024-03-20 09:38:00,3,Free,20
3214,44,Male,Kolkata,Left,No,2024-03-29 02:29:00,6,Plus,8
2297,35,Female,Mumbai,Right,No,2024-03-13 05:20:00,3,Free,49
3435,29,Male,Bangalore,Left,No,2024-03-15 04:35:00,3,Free,31
1600,18,Other,Hyderabad,Left,No,2024-03-13 21:41:00,1,Gold,12
3363,39,Male,Hyderabad,Left,No,2024-03-10 20:31:00,2,Plus,21
3061,29,Female,Mumbai,Left,No,2024-03-14 07:50:00,4,Free,30
1241,22,Female,Kolkata,Right,No,2024-03-20 00:26:00,3,Free,27
3041,44,Male,Hyderabad,Left,No,2024-03-23 00:41:00,3,Free,44
3824,42,Male,Mumbai,Left,No,2024-03-10 12:24:00,2,Free,26
4417,34,Male,Delhi,Right,No,2024-03-02 11:23:00,3,Free,33
3612,33,Male,Kolkata,Right,No,2024-03-18 11:34:00,1,Free,26
3945,32,Female,Bangalore,Left,No,2024-03-11 03:06:00,2,Plus,26
2363,40,Male,Hyderabad,Left,No,2024-03-23 04:56:00,2,Plus,36
3139,32,Male,Mumbai,Right,Yes,2024-03-18 15:36:00,3,Free,40
2390,22,Male,Delhi,Right,Yes,2024-03-02 06:14:00,5,Free,1
4003,38,Female,Bangalore,Left,No,2024-03-10 00:41:00,3,Free,59
2478,31,Male,Mumbai,Superlike,No,2024-03-12 11:08:00,6,Free,15
4499,19,Male,Mumbai,Left,No,2024-03-14 15:10:00,2,Free,50
3556,28,Male,Bangalore,Left,No,2024-03-10 07:00:00,5,Free,1
1775,36,Male,Delhi,Left,No,2024-03-25 18:59:00,6,Plus,11
1034,24,Female,Delhi,Left,No,2024-03-09 13:17:00,6,Free,55
3253,23,Male,Kolkata,Right,Yes,2024-03-25 19:39:00,3,Gold,2
4152,19,Male,Hyderabad,Left,No,2024-03-25 03:45:00,4,Gold,1
2955,23,Female,Bangalore,Left,No,2024-03-23 05:00:00,3,Free,31
2585,35,Female,Bangalore,Right,No,2024-03-17 12:39:00,2,Free,44
4943,19,Male,Bangalore,Left,No,2024-03-25 10:23:00,5,Gold,16
4459,35,Female,Delhi,Left,No,2024-03-21 06:06:00,4,Gold,54
4073,32,Other,Hyderabad,Left,No,2024-03-14 12:40:00,2,Free,22
2021,44,Male,Kolkata,Left,No,2024-03-02 02:49:00,0,Free,42
4461,36,Female,Mumbai,Left,No,2024-03-01 11:57:00,0,Free,18
3613,19,Female,Mumbai,Right,No,2024-03-14 20:25:00,5,Gold,47
2129,37,Female,Bangalore,Left,No,2024-03-18 18:32:00,6,Free,17
4843,42,Male,Hyderabad,Left,No,2024-03-20 13:01:00,1,Free,30
4893,23,Male,Delhi,Right,Yes,2024-03-21 20:09:00,2,Plus,10
2500,18,Female,Hyderabad,Right,No,2024-03-05 17:02:00,5,Free,35
1702,41,Other,Hyderabad,Left,No,2024-03-19 10:16:00,4,Free,58
3449,32,Female,Delhi,Left,No,2024-03-24 11:36:00,3,Free,21
3777,40,Male,Bangalore,Left,No,2024-03-19 00:13:00,2,Plus,16
2579,27,Female,Hyderabad,Left,No,2024-03-09 01:38:00,0,Free,6
1161,36,Female,Mumbai,Left,No,2024-03-06 18:27:00,4,Free,3
1201,34,Male,Delhi,Left,No,2024-03-19 12:31:00,5,Free,41
2981,22,Male,Kolkata,Right,No,2024-03-29 05:53:00,2,Free,43
1995,21,Female,Bangalore,Left,No,2024-03-30 16:41:00,3,Free,21
3317,27,Male,Delhi,Right,No,2024-03-08 04:18:00,7,Free,13
4934,41,Female,Kolkata,Left,No,2024-03-27 15:06:00,5,Free,18
1815,34,Male,Kolkata,Right,No,2024-03-05 13:08:00,3,Plus,58
4342,27,Male,Hyderabad,Right,No,2024-03-28 21:09:00,1,Plus,54
1455,34,Male,Hyderabad,Right,No,2024-03-15 16:44:00,3,Free,24
4533,37,Female,Hyderabad,Left,No,2024-03-20 02:46:00,4,Free,27
4798,41,Other,Delhi,Left,No,2024-03-22 16:22:00,1,Free,54
2275,22,Male,Delhi,Left,No,2024-03-15 00:16:00,3,Plus,4
2016,19,Female,Bangalore,Right,Yes,2024-03-03 01:01:00,3,Free,22
4773,23,Female,Hyderabad,Left,No,2024-03-04 22:55:00,4,Free,24
3343,38,Female,Kolkata,Left,No,2024-03-28 04:49:00,1,Free,40
4796,19,Male,Mumbai,Left,No,2024-03-18 17:53:00,2,Free,45
3767,30,Female,Bangalore,Left,No,2024-03-28 01:25:00,3,Free,10
4820,28,Female,Delhi,Left,No,2024-03-27 12:58:00,2,Free,2
1337,28,Male,Bangalore,Left,No,2024-03-18 14:39:00,1,Free,40
1878,33,Male,Bangalore,Superlike,No,2024-03-18 05:36:00,1,Plus,6
2076,28,Female,Bangalore,Right,Yes,2024-03-06 19:38:00,3,Free,48
1791,36,Other,Bangalore,Superlike,No,2024-03-02 07:21:00,0,Free,18
4993,32,Male,Mumbai,Left,No,2024-03-28 11:27:00,3,Free,17
3264,42,Female,Hyderabad,Right,Yes,2024-03-10 11:55:00,1,Free,38
1763,40,Other,Kolkata,Right,Yes,2024-03-04 04:26:00,1,Free,45
3235,40,Female,Bangalore,Right,No,2024-03-18 08:46:00,7,Free,23
1379,33,Other,Bangalore,Right,No,2024-03-29 14:38:00,3,Free,46
1492,28,Female,Bangalore,Left,No,2024-03-16 20:31:00,2,Free,30
4112,39,Male,Hyderabad,Right,No,2024-03-25 09:13:00,4,Free,58
2180,33,Male,Delhi,Left,No,2024-03-12 10:19:00,4,Free,21
3062,25,Male,Delhi,Left,No,2024-03-23 12:43:00,0,Plus,10
4884,21,Female,Mumbai,Left,No,2024-03-30 09:16:00,3,Free,56
1064,25,Female,Delhi,Right,Yes,2024-03-22 05:55:00,3,Free,43
4928,21,Male,Bangalore,Right,Yes,2024-03-05 01:57:00,7,Free,13
4910,41,Female,Bangalore,Superlike,No,2024-03-28 11:13:00,3,Free,12
3568,42,Female,Bangalore,Right,No,2024-03-04 10:02:00,2,Free,9
2367,20,Female,Mumbai,Left,No,2024-03-04 06:06:00,4,Free,4
2152,20,Female,Bangalore,Left,No,2024-03-23 18:06:00,2,Plus,39
3027,44,Female,Delhi,Left,No,2024-03-11 00:07:00,2,Free,24
3695,35,Male,Hyderabad,Left,No,2024-03-23 05:26:00,3,Free,54
2495,43,Male,Hyderabad,Left,No,2024-03-22 19:42:00,0,Plus,34
4134,36,Male,Kolkata,Left,No,2024-03-09 11:25:00,0,Gold,39
2162,36,Male,Delhi,Left,No,2024-03-15 14:54:00,3,Free,41
2522,38,Female,Bangalore,Right,No,2024-03-17 08:07:00,4,Free,5
3640,22,Female,Hyderabad,Left,No,2024-03-13 19:23:00,6,Free,15
1391,35,Male,Delhi,Right,No,2024-03-12 11:24:00,4,Free,50
2698,27,Female,Hyderabad,Right,No,2024-03-20 14:02:00,2,Free,4
1418,39,Male,Bangalore,Left,No,2024-03-01 00:16:00,2,Free,51
3336,38,Other,Hyderabad,Left,No,2024-03-12 16:48:00,8,Plus,52
1378,23,Other,Kolkata,Left,No,2024-03-15 11:35:00,4,Free,58
2796,18,Male,Kolkata,Left,No,2024-03-13 15:31:00,3,Free,39
4561,22,Female,Hyderabad,Right,No,2024-03-18 10:15:00,1,Free,58
3278,26,Male,Delhi,Left,No,2024-03-27 21:24:00,2,Plus,8
4065,29,Female,Delhi,Left,No,2024-03-27 02:23:00,1,Free,49
3088,43,Female,Delhi,Left,No,2024-03-02 23:23:00,3,Free,45
4099,31,Male,Hyderabad,Superlike,No,2024-03-21 08:21:00,4,Free,24
3182,19,Female,Delhi,Right,Yes,2024-03-19 09:00:00,0,Free,53
1200,34,Male,Bangalore,Right,No,2024-03-23 03:58:00,2,Free,28
2863,31,Male,Kolkata,Left,No,2024-03-20 23:07:00,5,Free,55
1779,43,Female,Bangalore,Right,Yes,2024-03-12 02:12:00,5,Free,43
3977,30,Male,Delhi,Right,No,2024-03-20 15:50:00,3,Free,27
4104,44,Female,Bangalore,Right,Yes,2024-03-16 22:07:00,1,Free,1
4119,26,Male,Delhi,Superlike,No,2024-03-01 18:14:00,3,Free,34
1502,43,Other,Hyderabad,Left,No,2024-03-28 00:12:00,2,Free,17
3454,42,Male,Bangalore,Right,No,2024-03-24 17:32:00,5,Free,37
4645,32,Female,Hyderabad,Right,No,2024-03-17 04:44:00,1,Free,38
2751,42,Female,Hyderabad,Left,No,2024-03-15 08:34:00,3,Free,26
1804,39,Male,Mumbai,Left,No,2024-03-03 18:22:00,3,Gold,57
3146,32,Other,Delhi,Superlike,No,2024-03-11 23:10:00,4,Free,24
3731,41,Female,Kolkata,Left,No,2024-03-09 11:25:00,2,Free,39
2895,28,Female,Delhi,Left,No,2024-03-17 21:38:00,2,Free,21
3773,33,Female,Kolkata,Superlike,No,2024-03-09 20:28:00,1,Gold,30
2570,34,Other,Delhi,Left,No,2024-03-15 15:37:00,0,Plus,47
1960,43,Other,Hyderabad,Left,No,2024-03-03 03:32:00,2,Free,51
4810,21,Female,Bangalore,Left,No,2024-03-16 18:12:00,2,Free,48
3660,18,Female,Bangalore,Left,No,2024-03-17 13:42:00,1,Free,57
2485,25,Male,Mumbai,Left,No,2024-03-18 06:20:00,5,Free,13
3690,34,Male,Kolkata,Left,No,2024-03-10 16:51:00,7,Plus,37
4840,20,Female,Kolkata,Right,No,2024-03-11 03:36:00,2,Free,3
2028,37,Male,Kolkata,Left,No,2024-03-04 10:13:00,2,Free,32
4289,32,Female,Hyderabad,Right,No,2024-03-04 10:06:00,2,Plus,35
1502,32,Male,Kolkata,Right,No,2024-03-18 21:23:00,1,Plus,19
3814,41,Male,Bangalore,Left,No,2024-03-03 18:09:00,2,Free,14
1397,39,Female,Hyderabad,Right,No,2024-03-25 19:33:00,2,Free,48
1870,31,Other,Delhi,Left,No,2024-03-03 23:59:00,5,Free,22
3842,43,Male,Kolkata,Left,No,2024-03-29 23:43:00,0,Plus,17
1392,40,Female,Kolkata,Left,No,2024-03-28 16:36:00,3,Plus,59
1206,31,Female,Delhi,Right,No,2024-03-30 02:29:00,2,Free,4
2038,41,Male,Kolkata,Left,No,2024-03-15 02:43:00,5,Free,45
2881,19,Female,Delhi,Left,No,2024-03-12 09:48:00,3,Plus,40
4625,30,Male,Hyderabad,Right,No,2024-03-25 00:18:00,5,Free,19
3939,43,Male,Bangalore,Left,No,2024-03-15 13:10:00,6,Free,37
2484,31,Other,Delhi,Left,No,2024-03-30 21:21:00,3,Plus,2
4762,44,Male,Mumbai,Left,No,2024-03-30 00:29:00,5,Free,15
4646,41,Female,Delhi,Right,No,2024-03-13 16:53:00,2,Free,2
1863,36,Female,Kolkata,Right,No,2024-03-05 10:04:00,0,Plus,11
3790,24,Male,Hyderabad,Left,No,2024-03-25 13:09:00,6,Plus,45
4312,20,Female,Hyderabad,Left,No,2024-03-01 11:31:00,5,Free,23
1563,32,Other,Delhi,Left,No,2024-03-21 21:02:00,3,Free,10
2020,40,Male,Bangalore,Right,No,2024-03-01 15:31:00,6,Free,3
1095,31,Female,Mumbai,Left,No,2024-03-23 00:50:00,3,Free,5
2923,28,Female,Hyderabad,Left,No,2024-03-10 21:06:00,1,Free,3
2757,32,Female,Kolkata,Left,No,2024-03-10 15:01:00,0,Plus,38
3532,30,Female,Kolkata,Left,No,2024-03-22 17:41:00,2,Free,13
4478,35,Male,Bangalore,Left,No,2024-03-16 19:26:00,2,Free,42
3278,43,Other,Hyderabad,Left,No,2024-03-26 02:54:00,4,Free,19
3796,23,Other,Delhi,Left,No,2024-03-29 13:07:00,5,Gold,40
2678,20,Female,Kolkata,Right,No,2024-03-13 06:55:00,1,Free,50
4242,36,Female,Bangalore,Left,No,2024-03-29 17:07:00,4,Free,35
1540,32,Female,Hyderabad,Right,No,2024-03-03 04:01:00,3,Free,24
2059,42,Female,Hyderabad,Left,No,2024-03-13 16:17:00,2,Free,24
3572,40,Female,Hyderabad,Right,Yes,2024-03-20 13:24:00,3,Free,17
2183,22,Female,Hyderabad,Right,Yes,2024-03-18 16:51:00,2,Free,40
4910,27,Female,Hyderabad,Left,No,2024-03-17 02:05:00,3,Free,10
2722,24,Female,Kolkata,Left,No,2024-03-03 14:28:00,5,Free,2
4314,42,Female,Bangalore,Right,No,2024-03-23 22:45:00,2,Free,44
4157,34,Male,Hyderabad,Left,No,2024-03-19 10:33:00,5,Free,23
2819,24,Male,Mumbai,Right,Yes,2024-03-22 04:17:00,1,Free,6
3625,39,Male,Mumbai,Left,No,2024-03-22 17:48:00,0,Free,2
3729,43,Female,Bangalore,Right,No,2024-03-28 11:20:00,4,Free,21
3604,29,Female,Delhi,Left,No,2024-03-08 04:54:00,6,Free,55
2597,42,Female,Delhi,Right,No,2024-03-04 05:55:00,4,Free,56
4060,34,Female,Delhi,Right,Yes,2024-03-01 19:30:00,3,Free,35
3693,30,Female,Mumbai,Right,Yes,2024-03-29 18:49:00,5,Free,49
1795,37,Male,Delhi,Left,No,2024-03-09 15:30:00,2,Free,29
2051,42,Female,Kolkata,Right,No,2024-03-08 10:00:00,2,Gold,7
2643,21,Female,Hyderabad,Left,No,2024-03-07 23:48:00,2,Plus,29
4627,27,Female,Mumbai,Right,No,2024-03-25 11:10:00,4,Free,53
2363,20,Male,Bangalore,Left,No,2024-03-19 04:46:00,3,Free,37
4869,26,Male,Bangalore,Right,No,2024-03-01 04:47:00,5,Free,23
2981,30,Male,Hyderabad,Left,No,2024-03-16 12:17:00,2,Free,33
2354,35,Male,Mumbai,Right,No,2024-03-15 08:26:00,2,Free,8
2663,32,Female,Delhi,Right,Yes,2024-03-01 19:21:00,3,Free,12
2529,21,Male,Delhi,Right,No,2024-03-25 09:31:00,3,Free,46
3038,32,Female,Kolkata,Left,No,2024-03-18 00:55:00,4,Plus,48
4419,39,Female,Kolkata,Left,No,2024-03-23 14:08:00,1,Free,10
2496,19,Male,Delhi,Superlike,No,2024-03-27 21:51:00,0,Plus,15
4302,32,Male,Bangalore,Left,No,2024-03-12 11:27:00,1,Plus,53
3237,25,Male,Bangalore,Left,No,2024-03-29 10:55:00,4,Free,24
4296,25,Male,Kolkata,Right,No,2024-03-17 13:33:00,3,Free,26
2408,34,Male,Hyderabad,Right,Yes,2024-03-11 05:58:00,4,Free,47
2400,29,Female,Delhi,Left,No,2024-03-01 04:04:00,1,Free,42
2306,36,Male,Kolkata,Right,No,2024-03-03 04:58:00,5,Free,53
3680,27,Other,Kolkata,Right,No,2024-03-23 02:31:00,3,Free,39
3675,26,Male,Delhi,Left,No,2024-03-02 12:16:00,4,Free,58
1972,22,Female,Delhi,Right,No,2024-03-27 05:30:00,4,Gold,3
2768,23,Female,Bangalore,Left,No,2024-03-24 08:54:00,4,Free,2
2282,37,Female,Hyderabad,Left,No,2024-03-19 11:47:00,1,Gold,6
4430,43,Female,Hyderabad,Left,No,2024-03-18 06:41:00,4,Free,21
1709,19,Female,Delhi,Left,No,2024-03-25 14:22:00,3,Plus,9
2479,44,Female,Mumbai,Right,No,2024-03-09 07:44:00,2,Free,10
2434,41,Female,Kolkata,Left,No,2024-03-17 12:16:00,5,Free,36
1648,44,Female,Kolkata,Left,No,2024-03-13 07:55:00,4,Plus,59
1317,30,Male,Delhi,Left,No,2024-03-05 22:55:00,3,Free,3
4748,23,Male,Mumbai,Left,No,2024-03-01 05:20:00,4,Free,41
4296,22,Female,Bangalore,Left,No,2024-03-26 23:42:00,4,Free,24
4890,42,Female,Delhi,Left,No,2024-03-20 21:15:00,3,Free,22
2257,18,Female,Delhi,Left,No,2024-03-16 01:24:00,1,Free,49
1683,38,Female,Kolkata,Right,No,2024-03-17 03:18:00,2,Plus,14
1663,39,Other,Delhi,Left,No,2024-03-16 04:49:00,0,Free,42
2998,38,Male,Delhi,Left,No,2024-03-22 01:13:00,4,Free,45
4898,23,Male,Delhi,Left,No,2024-03-23 14:15:00,1,Plus,44
4445,23,Male,Kolkata,Right,No,2024-03-08 11:30:00,5,Free,27
4743,40,Female,Bangalore,Left,No,2024-03-28 07:21:00,1,Free,33
2631,33,Female,Bangalore,Left,No,2024-03-15 04:26:00,4,Plus,22
2495,21,Male,Delhi,Left,No,2024-03-30 00:17:00,1,Free,29
4304,28,Female,Kolkata,Superlike,No,2024-03-06 04:58:00,6,Free,19
4763,41,Male,Bangalore,Left,No,2024-03-28 08:44:00,4,Free,19
2136,40,Female,Bangalore,Right,No,2024-03-28 20:50:00,1,Free,6
2853,26,Female,Bangalore,Left,No,2024-03-12 09:15:00,3,Free,45
2520,40,Male,Kolkata,Left,No,2024-03-02 18:17:00,3,Free,19
3489,20,Female,Kolkata,Right,No,2024-03-14 08:26:00,4,Plus,13
1563,36,Male,Delhi,Left,No,2024-03-11 13:36:00,2,Free,59
2291,25,Male,Hyderabad,Right,No,2024-03-13 22:13:00,4,Free,26
4581,22,Male,Bangalore,Right,No,2024-03-03 02:09:00,3,Gold,22
4878,21,Male,Hyderabad,Right,No,2024-03-17 22:08:00,3,Free,21
4457,41,Male,Kolkata,Left,No,2024-03-21 08:47:00,2,Plus,36
4458,23,Female,Kolkata,Right,No,2024-03-10 20:49:00,4,Free,56
4184,19,Female,Kolkata,Left,No,2024-03-11 10:29:00,3,Plus,2
2636,37,Female,Hyderabad,Right,No,2024-03-02 10:37:00,1,Free,47
4696,28,Male,Kolkata,Right,No,2024-03-10 15:47:00,1,Free,44
3999,21,Female,Delhi,Right,No,2024-03-26 10:35:00,2,Free,30
4152,32,Male,Kolkata,Left,No,2024-03-04 09:13:00,2,Free,27
1698,23,Male,Mumbai,Left,No,2024-03-06 23:55:00,1,Plus,7
3160,39,Female,Hyderabad,Left,No,2024-03-23 23:05:00,6,Free,20
1001,34,Male,Mumbai,Right,No,2024-03-30 00:44:00,2,Free,50
1641,41,Female,Kolkata,Left,No,2024-03-24 11:03:00,5,Plus,31
3267,23,Female,Delhi,Left,No,2024-03-24 17:12:00,7,Free,23
2589,36,Male,Bangalore,Right,No,2024-03-29 19:53:00,5,Free,13
1854,42,Male,Kolkata,Left,No,2024-03-21 04:52:00,4,Free,17
2759,19,Male,Delhi,Left,No,2024-03-13 06:13:00,3,Free,4
4296,32,Female,Hyderabad,Left,No,2024-03-23 13:03:00,4,Free,57
3432,28,Male,Mumbai,Left,No,2024-03-24 15:08:00,1,Gold,14
4474,25,Male,Mumbai,Left,No,2024-03-29 02:29:00,2,Free,20
2661,43,Male,Mumbai,Left,No,2024-03-15 13:07:00,4,Free,13
2153,36,Female,Hyderabad,Left,No,2024-03-21 19:38:00,1,Plus,3
2076,30,Male,Delhi,Left,No,2024-03-16 07:36:00,4,Free,26
2707,29,Male,Hyderabad,Right,Yes,2024-03-21 03:27:00,6,Free,26
3777,22,Female,Mumbai,Left,No,2024-03-30 23:29:00,3,Free,18
2695,23,Other,Kolkata,Left,No,2024-03-04 20:23:00,1,Free,32
2733,43,Male,Bangalore,Right,No,2024-03-15 15:07:00,2,Free,14
2439,39,Male,Hyderabad,Left,No,2024-03-18 10:17:00,4,Free,47
3294,21,Male,Hyderabad,Left,No,2024-03-30 18:07:00,3,Free,3
1835,36,Female,Delhi,Right,No,2024-03-03 15:29:00,1,Plus,1
4510,37,Male,Delhi,Right,Yes,2024-03-16 09:51:00,7,Free,26
1202,18,Female,Hyderabad,Right,Yes,2024-03-15 18:27:00,2,Gold,24
4255,37,Female,Mumbai,Right,Yes,2024-03-06 00:06:00,5,Free,49
1122,34,Female,Bangalore,Right,No,2024-03-15 14:57:00,6,Free,35
1400,29,Male,Delhi,Left,No,2024-03-21 03:12:00,1,Free,14
1766,32,Female,Mumbai,Right,No,2024-03-12 02:35:00,0,Gold,3
1293,18,Female,Kolkata,Left,No,2024-03-10 04:10:00,2,Free,13
3327,43,Female,Delhi,Right,No,2024-03-13 08:33:00,3,Free,47
4908,31,Male,Mumbai,Left,No,2024-03-19 05:50:00,5,Plus,50
3931,23,Other,Mumbai,Left,No,2024-03-04 14:37:00,0,Free,14
4681,22,Male,Bangalore,Left,No,2024-03-06 04:12:00,0,Plus,21
1197,28,Male,Bangalore,Right,No,2024-03-29 19:26:00,3,Free,26
4029,21,Male,Kolkata,Left,No,2024-03-11 07:39:00,4,Plus,3
2930,30,Female,Mumbai,Right,No,2024-03-19 21:56:00,3,Gold,51
4582,28,Male,Mumbai,Right,No,2024-03-23 03:39:00,4,Free,40
3799,20,Male,Bangalore,Left,No,2024-03-23 06:43:00,3,Free,4
3191,18,Male,Delhi,Right,No,2024-03-02 12:12:00,5,Free,36
1608,23,Male,Delhi,Right,No,2024-03-12 13:43:00,6,Gold,51
4272,35,Female,Hyderabad,Right,No,2024-03-20 03:00:00,3,Free,43
2147,41,Female,Bangalore,Left,No,2024-03-14 05:33:00,4,Free,1
1186,27,Male,Hyderabad,Left,No,2024-03-08 16:45:00,1,Free,40
4397,22,Female,Bangalore,Left,No,2024-03-22 05:24:00,3,Free,47
3511,40,Female,Kolkata,Left,No,2024-03-17 19:29:00,3,Free,33
4420,27,Male,Mumbai,Right,Yes,2024-03-03 18:21:00,2,Free,7
2794,29,Male,Kolkata,Left,No,2024-03-15 16:33:00,4,Free,53
1659,19,Other,Bangalore,Right,Yes,2024-03-04 15:27:00,3,Free,52
3811,30,Female,Mumbai,Left,No,2024-03-08 07:53:00,5,Free,52
4002,25,Male,Delhi,Left,No,2024-03-15 10:51:00,3,Free,56
2955,19,Female,Delhi,Right,Yes,2024-03-21 17:25:00,3,Plus,11
3450,37,Male,Hyderabad,Right,No,2024-03-05 06:15:00,2,Plus,27
2369,18,Female,Bangalore,Left,No,2024-03-04 20:53:00,0,Free,14
2986,22,Male,Bangalore,Left,No,2024-03-10 12:51:00,4,Free,22
2534,26,Male,Delhi,Left,No,2024-03-05 23:49:00,3,Free,16
1146,34,Male,Kolkata,Left,No,2024-03-11 02:21:00,2,Free,46
4219,26,Other,Mumbai,Left,No,2024-03-08 16:47:00,4,Free,12
3911,28,Female,Kolkata,Left,No,2024-03-02 22:16:00,6,Free,49
2734,32,Male,Kolkata,Left,No,2024-03-30 05:19:00,4,Free,46
2843,41,Male,Delhi,Right,No,2024-03-20 03:24:00,4,Gold,10
1488,23,Female,Delhi,Left,No,2024-03-21 00:35:00,2,Free,24
3976,40,Male,Delhi,Left,No,2024-03-06 08:17:00,1,Free,46
2959,20,Male,Hyderabad,Left,No,2024-03-11 03:49:00,1,Free,18
2663,34,Other,Kolkata,Right,Yes,2024-03-06 19:46:00,1,Gold,22
3598,22,Male,Bangalore,Right,Yes,2024-03-12 20:06:00,4,Free,9
3385,29,Female,Mumbai,Left,No,2024-03-06 14:04:00,3,Free,17
3919,35,Other,Hyderabad,Right,Yes,2024-03-07 16:15:00,4,Free,38
1640,31,Male,Bangalore,Left,No,2024-03-04 12:20:00,4,Free,40
2802,38,Male,Kolkata,Left,No,2024-03-08 13:40:00,2,Free,58
3520,41,Male,Delhi,Left,No,2024-03-04 21:01:00,6,Free,13
2969,28,Female,Kolkata,Left,No,2024-03-25 03:42:00,3,Free,50
3198,26,Female,Mumbai,Right,No,2024-03-15 00:13:00,1,Free,37
2438,19,Female,Hyderabad,Right,No,2024-03-10 00:37:00,3,Free,6
4369,29,Male,Hyderabad,Left,No,2024-03-05 23:08:00,2,Plus,21
2634,20,Female,Mumbai,Right,No,2024-03-14 00:28:00,2,Free,51
1262,20,Other,Bangalore,Left,No,2024-03-10 17:42:00,3,Plus,36
2787,18,Female,Bangalore,Left,No,2024-03-14 21:33:00,3,Free,7
3191,25,Other,Hyderabad,Left,No,2024-03-27 20:47:00,3,Free,36
3393,39,Female,Hyderabad,Left,No,2024-03-12 00:46:00,3,Free,25
1623,25,Female,Delhi,Left,No,2024-03-18 12:56:00,6,Free,11
2016,28,Female,Bangalore,Left,No,2024-03-21 20:05:00,6,Plus,44
4643,26,Male,Mumbai,Left,No,2024-03-05 14:38:00,3,Gold,14
1880,22,Male,Bangalore,Left,No,2024-03-26 23:39:00,3,Free,45
3049,31,Female,Delhi,Right,No,2024-03-24 04:17:00,3,Free,29
3944,20,Male,Hyderabad,Left,No,2024-03-29 06:28:00,2,Free,10
2327,38,Female,Hyderabad,Superlike,No,2024-03-30 22:36:00,3,Free,50
3301,22,Other,Delhi,Left,No,2024-03-26 10:34:00,3,Free,48
4723,22,Female,Mumbai,Right,No,2024-03-12 15:15:00,3,Free,5
1452,36,Male,Hyderabad,Right,No,2024-03-17 05:42:00,1,Gold,8
4108,44,Male,Kolkata,Right,No,2024-03-16 13:14:00,4,Free,46
2183,31,Male,Hyderabad,Left,No,2024-03-02 13:33:00,1,Gold,5
4062,43,Female,Kolkata,Right,No,2024-03-27 04:30:00,4,Plus,58
3056,21,Female,Delhi,Left,No,2024-03-01 14:24:00,2,Plus,24
4304,42,Other,Delhi,Left,No,2024-03-24 15:16:00,2,Free,40
4170,30,Male,Hyderabad,Left,No,2024-03-28 22:22:00,5,Free,57
2682,27,Other,Bangalore,Left,No,2024-03-10 11:46:00,4,Free,26
3863,42,Female,Kolkata,Left,No,2024-03-15 13:15:00,1,Free,6
3255,35,Male,Mumbai,Right,Yes,2024-03-27 09:17:00,1,Free,16
2154,25,Female,Hyderabad,Right,Yes,2024-03-12 07:49:00,5,Gold,36
1403,25,Male,Mumbai,Left,No,2024-03-03 19:34:00,3,Plus,12
3199,24,Male,Hyderabad,Right,Yes,2024-03-01 15:35:00,1,Plus,11
3101,25,Female,Bangalore,Left,No,2024-03-16 19:38:00,1,Plus,3
4191,31,Male,Bangalore,Superlike,No,2024-03-12 14:29:00,5,Free,44
2696,36,Female,Bangalore,Left,No,2024-03-07 18:06:00,4,Free,37
4991,23,Female,Bangalore,Left,No,2024-03-29 03:42:00,4,Free,6
1627,18,Female,Delhi,Right,Yes,2024-03-15 01:25:00,1,Free,19
1586,40,Male,Delhi,Right,No,2024-03-25 03:13:00,0,Plus,18
2648,32,Female,Kolkata,Right,No,2024-03-10 21:32:00,4,Free,16
2443,18,Female,Mumbai,Superlike,No,2024-03-15 19:16:00,2,Free,23
2445,42,Female,Hyderabad,Right,No,2024-03-26 22:51:00,4,Free,43
1103,34,Male,Hyderabad,Right,No,2024-03-14 07:22:00,1,Free,37
4923,18,Male,Delhi,Right,No,2024-03-12 02:00:00,1,Free,9
1253,32,Female,Hyderabad,Right,Yes,2024-03-22 09:11:00,4,Plus,3
4298,40,Male,Delhi,Left,No,2024-03-30 07:50:00,2,Free,8
4183,19,Female,Kolkata,Right,Yes,2024-03-18 12:16:00,1,Free,38
3557,31,Female,Mumbai,Left,No,2024-03-23 13:07:00,1,Free,4
2496,38,Female,Kolkata,Right,No,2024-03-06 09:14:00,3,Free,12
1098,25,Female,Bangalore,Right,No,2024-03-03 19:58:00,4,Free,44
3200,25,Other,Bangalore,Right,No,2024-03-09 22:13:00,2,Gold,31
2884,36,Female,Bangalore,Right,No,2024-03-03 19:22:00,2,Free,25
3961,24,Other,Kolkata,Right,No,2024-03-10 23:49:00,4,Free,53
2919,36,Female,Hyderabad,Left,No,2024-03-22 03:05:00,3,Free,16
1877,23,Male,Mumbai,Right,No,2024-03-02 18:55:00,1,Free,42
1337,23,Male,Bangalore,Left,No,2024-03-28 10:42:00,1,Free,54
4777,20,Female,Bangalore,Left,No,2024-03-20 13:39:00,3,Free,14
3869,24,Male,Bangalore,Left,No,2024-03-25 03:14:00,2,Free,13
4234,36,Female,Mumbai,Left,No,2024-03-13 22:24:00,3,Plus,41
4791,25,Male,Bangalore,Left,No,2024-03-15 03:10:00,2,Free,7
1956,27,Female,Mumbai,Right,No,2024-03-19 12:41:00,6,Free,12
2704,37,Female,Bangalore,Left,No,2024-03-17 15:48:00,7,Free,37
1160,32,Female,Kolkata,Left,No,2024-03-11 17:50:00,4,Free,50
2603,32,Female,Kolkata,Left,No,2024-03-18 03:44:00,2,Plus,4
3848,18,Female,Mumbai,Left,No,2024-03-27 21:36:00,2,Gold,2
1397,37,Male,Kolkata,Right,No,2024-03-21 09:37:00,0,Free,35
2300,24,Female,Mumbai,Left,No,2024-03-20 20:12:00,5,Plus,58
1815,44,Male,Kolkata,Left,No,2024-03-06 04:53:00,2,Plus,44
4987,21,Other,Kolkata,Left,No,2024-03-03 20:23:00,4,Gold,3
2527,23,Female,Mumbai,Left,No,2024-03-25 04:44:00,4,Free,4
2919,42,Male,Hyderabad,Left,No,2024-03-03 01:54:00,4,Free,38
2415,18,Male,Kolkata,Left,No,2024-03-03 14:24:00,5,Free,12
2158,22,Female,Bangalore,Right,No,2024-03-19 23:32:00,3,Plus,19
2218,44,Male,Hyderabad,Right,No,2024-03-04 21:14:00,3,Free,10
1400,40,Male,Mumbai,Left,No,2024-03-28 23:39:00,5,Free,1
1639,18,Female,Hyderabad,Superlike,No,2024-03-06 02:51:00,4,Free,17
4104,21,Female,Delhi,Left,No,2024-03-13 12:28:00,3,Free,16
3735,39,Female,Delhi,Left,No,2024-03-25 22:32:00,4,Free,9
1459,19,Other,Kolkata,Superlike,No,2024-03-10 17:10:00,3,Plus,57
1954,27,Female,Kolkata,Left,No,2024-03-12 13:06:00,3,Free,53
4954,22,Female,Bangalore,Right,No,2024-03-15 05:09:00,4,Plus,9
1469,44,Male,Hyderabad,Left,No,2024-03-29 06:42:00,3,Free,59
4446,27,Female,Delhi,Left,No,2024-03-28 19:17:00,1,Free,55
2045,18,Male,Kolkata,Left,No,2024-03-05 22:50:00,3,Free,9
3797,39,Other,Hyderabad,Right,Yes,2024-03-05 17:48:00,2,Free,12
2693,23,Female,Kolkata,Right,No,2024-03-29 21:32:00,2,Free,55
3085,30,Female,Kolkata,Right,No,2024-03-28 03:39:00,4,Free,41
3277,32,Male,Delhi,Left,No,2024-03-13 10:03:00,4,Free,15
4436,21,Female,Delhi,Left,No,2024-03-30 21:39:00,1,Plus,2
1562,30,Female,Kolkata,Left,No,2024-03-13 21:02:00,7,Free,11
3485,41,Male,Mumbai,Left,No,2024-03-30 19:32:00,3,Free,11
2799,37,Male,Kolkata,Right,No,2024-03-08 06:10:00,2,Free,8
4354,41,Female,Kolkata,Left,No,2024-03-15 04:23:00,6,Free,55
3074,32,Male,Bangalore,Right,No,2024-03-02 09:55:00,0,Free,32
1225,25,Other,Bangalore,Right,No,2024-03-29 07:05:00,6,Free,6
4348,22,Male,Bangalore,Left,No,2024-03-12 23:21:00,3,Free,53
1797,32,Male,Mumbai,Right,No,2024-03-17 01:54:00,3,Free,20
4680,21,Female,Mumbai,Left,No,2024-03-18 19:05:00,5,Free,39
3331,29,Male,Kolkata,Left,No,2024-03-23 23:06:00,5,Plus,35
3926,30,Female,Bangalore,Left,No,2024-03-24 09:31:00,2,Free,8
1959,19,Male,Mumbai,Left,No,2024-03-10 06:11:00,4,Free,50
2504,44,Male,Delhi,Left,No,2024-03-15 08:50:00,3,Plus,49
1452,36,Female,Kolkata,Left,No,2024-03-14 07:43:00,6,Free,43
4067,36,Female,Hyderabad,Left,No,2024-03-28 07:46:00,1,Free,34
4900,21,Female,Kolkata,Left,No,2024-03-04 09:15:00,3,Free,57
1815,21,Female,Hyderabad,Right,No,2024-03-09 12:14:00,5,Free,53
1658,43,Female,Bangalore,Right,No,2024-03-20 21:01:00,3,Free,59
4587,28,Male,Hyderabad,Left,No,2024-03-08 13:45:00,2,Free,56
1546,44,Male,Bangalore,Left,No,2024-03-12 00:42:00,0,Gold,19
2215,22,Other,Delhi,Right,No,2024-03-14 05:21:00,1,Plus,7
4120,37,Female,Hyderabad,Left,No,2024-03-21 04:58:00,4,Free,31
4583,28,Female,Kolkata,Right,No,2024-03-30 11:11:00,6,Free,18
1016,27,Male,Bangalore,Left,No,2024-03-24 09:49:00,2,Free,40
4243,25,Male,Kolkata,Left,No,2024-03-25 01:55:00,4,Free,14
2243,23,Female,Mumbai,Left,No,2024-03-04 08:37:00,1,Free,39
3205,23,Female,Bangalore,Left,No,2024-03-18 00:09:00,1,Free,53
3524,25,Female,Hyderabad,Right,No,2024-03-13 05:47:00,9,Free,59
2069,40,Female,Bangalore,Left,No,2024-03-04 22:56:00,2,Free,36
4444,32,Female,Kolkata,Right,No,2024-03-10 09:43:00,2,Gold,17
3565,43,Male,Delhi,Right,Yes,2024-03-09 18:15:00,3,Free,37
3146,31,Male,Bangalore,Left,No,2024-03-02 00:26:00,4,Gold,44
4963,28,Male,Hyderabad,Right,No,2024-03-22 08:51:00,2,Gold,9
2768,29,Male,Mumbai,Left,No,2024-03-13 17:50:00,1,Free,58
2060,43,Female,Delhi,Left,No,2024-03-01 06:15:00,2,Plus,20
3327,30,Female,Mumbai,Right,Yes,2024-03-23 22:30:00,1,Free,45
4420,25,Female,Bangalore,Left,No,2024-03-15 09:46:00,0,Free,57
3544,35,Male,Kolkata,Left,No,2024-03-16 21:26:00,3,Free,28
1301,42,Male,Kolkata,Left,No,2024-03-30 19:04:00,2,Free,50
1180,18,Male,Hyderabad,Left,No,2024-03-23 16:11:00,6,Free,20
1606,32,Male,Kolkata,Right,No,2024-03-06 10:33:00,2,Free,41
4170,25,Female,Delhi,Right,Yes,2024-03-02 07:33:00,2,Free,36
1699,28,Male,Kolkata,Right,No,2024-03-22 05:33:00,2,Free,53
1992,29,Female,Hyderabad,Right,No,2024-03-22 18:51:00,6,Free,27
2139,29,Male,Bangalore,Left,No,2024-03-29 09:14:00,1,Free,8
1190,21,Male,Bangalore,Left,No,2024-03-09 05:06:00,4,Free,32
3300,33,Male,Kolkata,Left,No,2024-03-24 21:40:00,4,Free,1
1980,21,Female,Mumbai,Left,No,2024-03-16 05:24:00,2,Free,17
3975,22,Female,Bangalore,Left,No,2024-03-24 04:07:00,3,Free,57
3006,41,Male,Kolkata,Superlike,No,2024-03-15 17:19:00,0,Plus,9
2184,22,Male,Hyderabad,Left,No,2024-03-18 23:08:00,3,Free,20
4327,25,Female,Kolkata,Left,No,2024-03-07 02:32:00,4,Free,45
4394,27,Male,Bangalore,Left,No,2024-03-15 07:17:00,2,Free,32
1127,34,Male,Hyderabad,Right,No,2024-03-26 06:45:00,4,Plus,2
3065,43,Female,Kolkata,Right,No,2024-03-23 16:56:00,0,Free,32
2816,26,Female,Delhi,Left,No,2024-03-30 22:43:00,2,Free,45
2758,39,Male,Hyderabad,Left,No,2024-03-12 02:29:00,4,Free,9
3613,36,Other,Delhi,Right,Yes,2024-03-21 02:11:00,4,Free,30
1569,31,Female,Mumbai,Left,No,2024-03-07 10:50:00,2,Free,20
2346,25,Male,Hyderabad,Left,No,2024-03-27 15:27:00,3,Free,38
2895,26,Female,Delhi,Right,No,2024-03-10 23:02:00,4,Gold,1
3733,39,Female,Bangalore,Right,No,2024-03-18 07:41:00,4,Free,57
4863,28,Male,Bangalore,Left,No,2024-03-10 16:25:00,3,Free,5
1625,40,Male,Mumbai,Right,Yes,2024-03-08 11:22:00,3,Plus,35
4359,18,Male,Hyderabad,Right,No,2024-03-21 22:13:00,3,Free,36
3901,31,Female,Hyderabad,Left,No,2024-03-28 21:10:00,2,Plus,1
2686,22,Male,Hyderabad,Superlike,No,2024-03-19 18:52:00,3,Free,14
4009,38,Female,Mumbai,Right,No,2024-03-29 23:50:00,4,Plus,9
4710,43,Female,Hyderabad,Right,No,2024-03-14 20:33:00,5,Free,30
1154,31,Male,Bangalore,Right,No,2024-03-29 02:35:00,5,Plus,24
3537,21,Female,Delhi,Left,No,2024-03-12 21:30:00,1,Plus,4
2409,39,Male,Bangalore,Left,No,2024-03-22 14:06:00,5,Free,50
1784,40,Female,Bangalore,Left,No,2024-03-04 05:13:00,4,Free,14
4175,42,Female,Delhi,Left,No,2024-03-13 00:24:00,2,Free,25
4464,18,Male,Bangalore,Left,No,2024-03-30 04:37:00,2,Gold,4
4882,39,Female,Mumbai,Right,No,2024-03-23 10:04:00,1,Free,25
1245,40,Male,Delhi,Right,No,2024-03-05 20:48:00,3,Free,10
4247,36,Male,Bangalore,Right,Yes,2024-03-20 00:45:00,5,Free,35
4110,25,Male,Kolkata,Right,No,2024-03-26 06:26:00,1,Free,55
2500,32,Male,Bangalore,Right,Yes,2024-03-18 14:53:00,2,Free,7
2705,38,Other,Mumbai,Left,No,2024-03-15 11:07:00,3,Gold,42
3806,32,Male,Hyderabad,Left,No,2024-03-23 22:40:00,3,Free,13
1537,26,Male,Bangalore,Left,No,2024-03-10 00:47:00,3,Plus,4
2890,38,Female,Hyderabad,Right,No,2024-03-13 14:37:00,3,Free,50
2841,26,Male,Kolkata,Left,No,2024-03-23 07:57:00,5,Free,43
1920,27,Other,Bangalore,Right,No,2024-03-25 12:35:00,4,Free,57
3455,37,Female,Delhi,Left,No,2024-03-25 22:52:00,3,Free,36
1524,42,Female,Hyderabad,Right,No,2024-03-15 16:44:00,5,Gold,56
3875,38,Male,Kolkata,Right,Yes,2024-03-11 00:14:00,4,Plus,14
2529,43,Male,Delhi,Right,Yes,2024-03-10 22:47:00,1,Free,18
3950,26,Male,Delhi,Superlike,No,2024-03-01 15:46:00,3,Free,8
4896,20,Female,Delhi,Right,No,2024-03-11 04:53:00,3,Free,32
1035,37,Male,Delhi,Right,No,2024-03-19 22:01:00,1,Gold,27
1684,42,Male,Bangalore,Right,No,2024-03-22 00:14:00,5,Plus,42
1019,43,Other,Bangalore,Right,Yes,2024-03-11 19:00:00,3,Plus,37
3368,28,Female,Bangalore,Right,No,2024-03-05 15:59:00,2,Free,23
4847,23,Male,Kolkata,Left,No,2024-03-29 14:43:00,3,Free,7
3559,19,Male,Kolkata,Left,No,2024-03-18 10:01:00,3,Free,12
1399,24,Other,Kolkata,Left,No,2024-03-08 21:10:00,3,Free,25
3701,35,Male,Mumbai,Left,No,2024-03-26 05:58:00,1,Free,3
1971,44,Female,Kolkata,Left,No,2024-03-23 05:41:00,5,Free,26
2906,19,Female,Bangalore,Superlike,No,2024-03-30 17:52:00,1,Free,4
3518,44,Male,Bangalore,Right,No,2024-03-20 16:49:00,4,Plus,42
2166,34,Female,Mumbai,Right,Yes,2024-03-23 00:48:00,2,Plus,36
2115,28,Male,Mumbai,Left,No,2024-03-13 04:56:00,3,Free,15
4425,44,Male,Kolkata,Left,No,2024-03-21 03:21:00,4,Free,32
1833,29,Female,Hyderabad,Left,No,2024-03-13 09:28:00,3,Free,29
2823,44,Female,Mumbai,Left,No,2024-03-01 06:30:00,8,Plus,10
3774,36,Female,Delhi,Left,No,2024-03-16 06:39:00,2,Plus,21
2982,39,Female,Bangalore,Left,No,2024-03-09 00:49:00,2,Plus,54
1853,41,Male,Delhi,Right,No,2024-03-10 01:09:00,1,Plus,16
1050,42,Male,Bangalore,Right,Yes,2024-03-16 14:50:00,1,Free,47
4736,24,Male,Bangalore,Left,No,2024-03-25 12:48:00,5,Free,19
4769,37,Male,Mumbai,Left,No,2024-03-05 01:47:00,2,Free,29
1574,23,Male,Mumbai,Left,No,2024-03-11 14:44:00,0,Free,52
4261,38,Male,Delhi,Left,No,2024-03-24 14:19:00,2,Plus,51
2148,41,Male,Bangalore,Right,Yes,2024-03-07 08:01:00,5,Free,18
3197,18,Male,Delhi,Left,No,2024-03-02 01:39:00,4,Free,58
3361,34,Female,Hyderabad,Left,No,2024-03-18 16:48:00,4,Free,44
3617,28,Female,Delhi,Left,No,2024-03-12 19:47:00,4,Gold,57
4413,39,Male,Kolkata,Left,No,2024-03-07 00:53:00,4,Free,16
3352,43,Other,Delhi,Right,No,2024-03-07 04:41:00,1,Free,1
2715,35,Female,Kolkata,Right,No,2024-03-08 03:50:00,3,Free,48
1681,38,Male,Kolkata,Right,No,2024-03-22 11:08:00,1,Free,2
1837,34,Female,Kolkata,Left,No,2024-03-04 01:06:00,4,Free,56
4854,24,Female,Hyderabad,Left,No,2024-03-23 09:43:00,4,Plus,15
2077,34,Female,Delhi,Left,No,2024-03-20 17:32:00,3,Free,39
4050,37,Male,Delhi,Right,Yes,2024-03-13 00:23:00,3,Plus,28
3491,26,Female,Hyderabad,Left,No,2024-03-09 12:02:00,3,Free,1
3660,34,Male,Bangalore,Left,No,2024-03-07 05:07:00,4,Free,5
4040,37,Female,Mumbai,Right,No,2024-03-05 02:50:00,2,Gold,42
3311,39,Female,Delhi,Right,No,2024-03-27 12:10:00,3,Free,22
4124,39,Female,Mumbai,Left,No,2024-03-01 08:27:00,4,Free,53
2595,25,Female,Hyderabad,Left,No,2024-03-01 23:56:00,5,Plus,36
4051,34,Female,Bangalore,Left,No,2024-03-19 20:31:00,2,Free,46
4691,24,Male,Bangalore,Right,No,2024-03-09 01:38:00,2,Plus,13
1004,18,Male,Bangalore,Left,No,2024-03-07 01:50:00,1,Free,1
2126,30,Female,Hyderabad,Right,No,2024-03-12 04:42:00,2,Free,16
2219,40,Male,Kolkata,Left,No,2024-03-06 02:34:00,4,Free,55
1773,36,Male,Kolkata,Right,No,2024-03-22 12:19:00,2,Plus,41
1876,44,Male,Mumbai,Right,No,2024-03-15 12:20:00,2,Free,22
1991,41,Male,Kolkata,Left,No,2024-03-10 14:40:00,4,Plus,32
3931,36,Other,Kolkata,Right,No,2024-03-26 19:27:00,3,Gold,16
4421,34,Female,Bangalore,Left,No,2024-03-04 11:57:00,4,Free,51
1046,30,Other,Bangalore,Right,No,2024-03-20 21:13:00,1,Free,15
3914,33,Female,Mumbai,Right,No,2024-03-18 00:15:00,3,Free,58
3870,25,Female,Delhi,Left,No,2024-03-12 00:08:00,6,Free,46
3983,36,Male,Mumbai,Right,No,2024-03-26 08:03:00,3,Free,52
4891,35,Female,Mumbai,Superlike,No,2024-03-06 10:37:00,1,Free,42
3703,18,Male,Hyderabad,Left,No,2024-03-24 15:49:00,3,Gold,53
1268,31,Female,Hyderabad,Left,No,2024-03-06 02:50:00,6,Gold,12
1369,36,Female,Mumbai,Right,Yes,2024-03-05 10:51:00,4,Plus,1
1635,32,Male,Mumbai,Right,No,2024-03-28 04:13:00,4,Plus,53
2129,35,Other,Mumbai,Left,No,2024-03-22 04:19:00,1,Free,17
2693,19,Female,Kolkata,Left,No,2024-03-21 23:45:00,5,Free,41
2682,39,Female,Hyderabad,Left,No,2024-03-01 11:32:00,0,Plus,55
1656,34,Male,Mumbai,Left,No,2024-03-21 02:06:00,5,Free,51
1119,35,Female,Bangalore,Left,No,2024-03-24 18:46:00,2,Gold,57
1830,23,Female,Bangalore,Right,No,2024-03-28 04:44:00,0,Free,50
2810,36,Male,Kolkata,Left,No,2024-03-06 20:48:00,3,Free,28
4675,21,Male,Kolkata,Right,No,2024-03-07 23:53:00,6,Plus,7
2081,18,Female,Delhi,Left,No,2024-03-25 14:14:00,3,Gold,9
2974,25,Male,Delhi,Left,No,2024-03-04 14:49:00,2,Free,22
2369,40,Female,Delhi,Left,No,2024-03-05 12:53:00,2,Plus,26
1740,24,Other,Kolkata,Left,No,2024-03-15 15:01:00,2,Free,53
4545,20,Female,Kolkata,Right,Yes,2024-03-06 00:11:00,3,Free,12
1116,27,Male,Kolkata,Right,No,2024-03-07 21:27:00,7,Plus,7
2853,27,Female,Bangalore,Right,No,2024-03-09 06:47:00,0,Free,46
3838,36,Male,Kolkata,Superlike,No,2024-03-18 01:54:00,3,Free,47
2150,31,Male,Bangalore,Right,No,2024-03-07 11:16:00,3,Free,15
4464,19,Female,Delhi,Left,No,2024-03-09 10:57:00,4,Free,38
2931,18,Male,Delhi,Right,No,2024-03-08 12:46:00,3,Free,21
2012,40,Male,Delhi,Right,No,2024-03-06 12:13:00,3,Free,14
2664,40,Female,Mumbai,Left,No,2024-03-27 13:24:00,3,Free,2
2081,35,Male,Mumbai,Right,No,2024-03-29 06:16:00,3,Gold,8
1633,24,Male,Hyderabad,Left,No,2024-03-02 10:40:00,7,Free,45
1512,25,Female,Hyderabad,Left,No,2024-03-05 05:29:00,2,Plus,55
4822,18,Female,Hyderabad,Right,No,2024-03-19 03:23:00,2,Free,6
3849,42,Female,Mumbai,Left,No,2024-03-06 09:57:00,3,Free,37
2119,40,Male,Mumbai,Left,No,2024-03-06 19:06:00,3,Free,37
4709,20,Male,Hyderabad,Right,Yes,2024-03-14 19:18:00,4,Free,57
2141,41,Male,Hyderabad,Right,Yes,2024-03-24 09:12:00,2,Free,33
1559,40,Male,Kolkata,Left,No,2024-03-13 06:13:00,3,Free,41
4672,44,Female,Hyderabad,Right,No,2024-03-30 16:22:00,3,Free,6
1487,25,Male,Kolkata,Left,No,2024-03-19 03:40:00,3,Free,52
4308,39,Male,Bangalore,Left,No,2024-03-01 19:44:00,2,Free,26
4956,42,Female,Mumbai,Superlike,No,2024-03-24 22:53:00,3,Free,39
1896,32,Female,Hyderabad,Right,No,2024-03-18 06:06:00,1,Free,41
4343,22,Female,Mumbai,Left,No,2024-03-16 09:55:00,5,Gold,37
2212,20,Male,Mumbai,Right,No,2024-03-04 21:26:00,4,Free,14
1703,36,Male,Mumbai,Right,No,2024-03-03 17:56:00,3,Free,37
2470,18,Male,Bangalore,Left,No,2024-03-12 11:55:00,4,Free,8
1580,32,Male,Delhi,Left,No,2024-03-18 06:09:00,3,Gold,39
3837,25,Female,Hyderabad,Left,No,2024-03-13 23:30:00,3,Free,13
3908,19,Female,Delhi,Right,No,2024-03-19 07:07:00,4,Plus,13
3294,20,Female,Delhi,Right,No,2024-03-24 01:09:00,3,Free,40
4147,41,Female,Delhi,Right,No,2024-03-27 14:28:00,4,Gold,43
1153,31,Male,Mumbai,Right,No,2024-03-18 21:45:00,2,Plus,28
2679,41,Female,Kolkata,Right,No,2024-03-23 16:58:00,5,Plus,58
4506,31,Male,Mumbai,Left,No,2024-03-12 02:06:00,4,Free,18
1996,28,Female,Mumbai,Left,No,2024-03-22 14:17:00,2,Free,57
4157,33,Female,Delhi,Left,No,2024-03-12 00:42:00,3,Free,19
3744,21,Male,Mumbai,Left,No,2024-03-04 05:55:00,4,Free,38
4356,37,Male,Delhi,Right,Yes,2024-03-30 01:30:00,4,Plus,32
2243,22,Other,Kolkata,Right,No,2024-03-10 00:49:00,4,Free,22
2092,39,Male,Hyderabad,Left,No,2024-03-20 08:03:00,5,Free,2
4118,38,Male,Delhi,Left,No,2024-03-21 16:33:00,2,Free,13
2008,31,Male,Kolkata,Right,No,2024-03-28 10:36:00,3,Free,23
3141,40,Female,Hyderabad,Left,No,2024-03-27 23:51:00,3,Free,25
2773,33,Female,Bangalore,Left,No,2024-03-13 09:37:00,3,Plus,28
1957,35,Female,Delhi,Left,No,2024-03-14 15:07:00,2,Free,58
4059,24,Male,Delhi,Left,No,2024-03-13 21:25:00,3,Free,11
1452,27,Female,Bangalore,Right,No,2024-03-19 01:45:00,2,Free,33
2227,24,Male,Bangalore,Left,No,2024-03-20 07:52:00,6,Free,24
3959,18,Female,Delhi,Left,No,2024-03-07 19:02:00,4,Free,2
3265,40,Female,Bangalore,Left,No,2024-03-27 20:10:00,2,Free,30
3521,38,Male,Mumbai,Superlike,No,2024-03-16 12:46:00,1,Plus,17
3479,36,Male,Hyderabad,Left,No,2024-03-20 19:57:00,4,Plus,40
3388,33,Male,Hyderabad,Left,No,2024-03-05 00:38:00,4,Plus,34
1550,36,Male,Hyderabad,Left,No,2024-03-07 16:27:00,2,Free,38
2635,21,Male,Mumbai,Left,No,2024-03-29 14:23:00,6,Gold,22
2312,35,Female,Bangalore,Left,No,2024-03-09 15:46:00,3,Plus,5
4325,19,Female,Kolkata,Right,No,2024-03-30 14:14:00,0,Gold,48
2757,18,Male,Bangalore,Left,No,2024-03-09 20:00:00,3,Free,40
1356,32,Male,Delhi,Left,No,2024-03-30 02:33:00,1,Gold,51
3070,22,Male,Hyderabad,Right,No,2024-03-26 21:32:00,2,Plus,16
2785,37,Female,Bangalore,Left,No,2024-03-05 13:19:00,3,Plus,13
3569,28,Male,Kolkata,Left,No,2024-03-29 01:08:00,2,Free,26
2781,27,Female,Delhi,Left,No,2024-03-14 07:18:00,3,Plus,31
4908,19,Female,Mumbai,Superlike,No,2024-03-22 11:16:00,3,Gold,52
4171,20,Female,Mumbai,Left,No,2024-03-16 07:37:00,2,Free,39
3849,40,Female,Kolkata,Right,No,2024-03-25 22:12:00,5,Free,48
4251,40,Male,Delhi,Right,No,2024-03-29 18:39:00,1,Gold,23
4294,29,Other,Hyderabad,Left,No,2024-03-09 03:06:00,3,Free,48
4977,37,Male,Bangalore,Superlike,No,2024-03-09 09:10:00,3,Free,12
3809,22,Male,Delhi,Left,No,2024-03-29 09:42:00,3,Free,14
4730,22,Female,Mumbai,Left,No,2024-03-01 15:24:00,4,Gold,56
3489,23,Other,Kolkata,Right,No,2024-03-19 09:18:00,4,Free,18
2631,26,Female,Kolkata,Right,No,2024-03-04 19:46:00,1,Free,27
3816,19,Male,Bangalore,Right,Yes,2024-03-25 10:03:00,4,Free,28
2015,38,Male,Kolkata,Left,No,2024-03-18 02:04:00,2,Plus,18
2348,29,Other,Kolkata,Left,No,2024-03-11 15:10:00,1,Free,16
1515,20,Male,Delhi,Right,No,2024-03-06 17:06:00,3,Gold,52
4087,37,Female,Hyderabad,Left,No,2024-03-09 04:21:00,4,Gold,16
3839,43,Female,Bangalore,Left,No,2024-03-04 19:55:00,0,Free,13
1335,39,Female,Delhi,Left,No,2024-03-26 02:13:00,4,Free,58
2782,29,Male,Hyderabad,Left,No,2024-03-12 18:52:00,3,Free,29
3305,41,Female,Delhi,Right,No,2024-03-23 06:52:00,4,Free,9
1496,34,Male,Delhi,Left,No,2024-03-08 22:10:00,0,Free,26
1895,27,Female,Kolkata,Superlike,No,2024-03-14 13:22:00,2,Gold,28
3207,41,Female,Hyderabad,Left,No,2024-03-07 07:35:00,6,Plus,41
4546,44,Female,Bangalore,Right,Yes,2024-03-17 00:07:00,4,Free,13
1851,31,Male,Bangalore,Left,No,2024-03-15 05:10:00,4,Free,36
2687,40,Other,Hyderabad,Left,No,2024-03-30 22:49:00,2,Free,9
2931,34,Male,Kolkata,Left,No,2024-03-06 22:11:00,1,Free,47
3737,35,Male,Mumbai,Left,No,2024-03-26 17:18:00,2,Free,14
4746,36,Male,Delhi,Left,No,2024-03-16 13:23:00,3,Plus,51
3427,34,Female,Kolkata,Superlike,No,2024-03-30 15:14:00,2,Gold,12
2568,31,Female,Hyderabad,Right,No,2024-03-21 05:22:00,4,Free,53
1956,26,Female,Delhi,Left,No,2024-03-12 18:20:00,3,Plus,58
3738,25,Male,Bangalore,Left,No,2024-03-21 17:11:00,3,Free,57
4498,19,Male,Mumbai,Left,No,2024-03-08 19:59:00,1,Plus,32
2636,30,Female,Bangalore,Left,No,2024-03-27 13:00:00,3,Free,38
2291,42,Male,Hyderabad,Right,No,2024-03-05 11:57:00,4,Free,3
4906,24,Female,Delhi,Right,Yes,2024-03-13 02:00:00,3,Gold,58
4648,26,Other,Hyderabad,Left,No,2024-03-05 11:50:00,2,Free,57
2440,39,Other,Delhi,Left,No,2024-03-02 10:22:00,2,Plus,54
2191,39,Other,Kolkata,Left,No,2024-03-30 00:38:00,4,Free,52
4913,28,Female,Mumbai,Right,No,2024-03-14 19:20:00,1,Free,16
2066,31,Male,Kolkata,Left,No,2024-03-25 00:21:00,4,Free,20
4627,21,Male,Kolkata,Right,No,2024-03-10 22:28:00,1,Free,32
1284,43,Female,Hyderabad,Right,No,2024-03-19 01:47:00,2,Free,56
3444,43,Female,Mumbai,Left,No,2024-03-22 08:00:00,1,Free,23
1011,30,Male,Delhi,Right,Yes,2024-03-25 08:41:00,1,Free,17
2630,19,Male,Delhi,Left,No,2024-03-07 17:46:00,2,Free,16
4373,40,Male,Bangalore,Right,No,2024-03-07 19:57:00,4,Plus,38
4969,22,Female,Delhi,Left,No,2024-03-27 19:19:00,3,Free,8
4324,28,Female,Hyderabad,Left,No,2024-03-26 13:44:00,4,Gold,19
3546,23,Female,Kolkata,Right,No,2024-03-23 23:13:00,2,Free,30
1753,35,Male,Kolkata,Right,No,2024-03-23 06:48:00,3,Free,57
3082,38,Other,Kolkata,Right,No,2024-03-20 12:32:00,5,Free,58
3774,27,Female,Mumbai,Left,No,2024-03-19 06:19:00,5,Free,34
3896,21,Male,Delhi,Right,Yes,2024-03-24 22:17:00,3,Free,14
1089,26,Male,Hyderabad,Left,No,2024-03-21 21:03:00,4,Free,22
1775,23,Male,Mumbai,Right,Yes,2024-03-03 17:17:00,4,Free,44
3652,19,Male,Bangalore,Left,No,2024-03-03 00:56:00,3,Free,17
4993,34,Other,Hyderabad,Superlike,No,2024-03-26 10:30:00,2,Plus,59
4017,22,Female,Hyderabad,Right,No,2024-03-11 01:46:00,3,Free,15
2625,42,Female,Hyderabad,Right,No,2024-03-21 00:05:00,3,Free,50
4069,23,Male,Kolkata,Left,No,2024-03-10 22:38:00,5,Free,48
1417,43,Male,Hyderabad,Left,No,2024-03-19 01:46:00,3,Plus,32
1114,29,Female,Delhi,Right,No,2024-03-20 05:12:00,2,Free,13
1616,40,Male,Hyderabad,Left,No,2024-03-27 16:17:00,4,Free,21
4974,38,Female,Kolkata,Right,Yes,2024-03-19 22:41:00,4,Free,49
4267,27,Other,Hyderabad,Left,No,2024-03-20 12:11:00,1,Free,40
1825,39,Female,Bangalore,Left,No,2024-03-27 14:48:00,5,Free,33
4572,38,Female,Bangalore,Right,No,2024-03-13 22:10:00,2,Plus,57
2649,44,Male,Kolkata,Right,No,2024-03-01 17:59:00,1,Free,58
2516,42,Male,Delhi,Left,No,2024-03-21 17:30:00,2,Free,27
4146,23,Male,Delhi,Left,No,2024-03-15 07:10:00,5,Free,35
1412,44,Female,Mumbai,Left,No,2024-03-22 11:51:00,4,Free,16
4447,25,Male,Kolkata,Right,No,2024-03-11 15:27:00,5,Free,28
4491,19,Male,Hyderabad,Left,No,2024-03-09 20:35:00,4,Free,34
1728,29,Female,Kolkata,Right,No,2024-03-06 00:35:00,1,Free,47
4348,30,Male,Mumbai,Right,No,2024-03-12 22:37:00,2,Free,1
4068,42,Male,Kolkata,Left,No,2024-03-15 21:53:00,1,Free,41
3808,38,Male,Kolkata,Right,Yes,2024-03-02 09:51:00,4,Plus,48
1675,24,Other,Mumbai,Left,No,2024-03-29 16:02:00,2,Free,31
4465,27,Female,Delhi,Left,No,2024-03-30 01:43:00,2,Free,36
2892,30,Female,Hyderabad,Superlike,No,2024-03-10 22:07:00,3,Free,44
3504,34,Male,Mumbai,Left,No,2024-03-27 20:39:00,4,Free,33
3967,43,Other,Bangalore,Left,No,2024-03-23 09:10:00,2,Free,33
3239,38,Female,Delhi,Left,No,2024-03-14 05:17:00,3,Free,39
3786,43,Male,Bangalore,Left,No,2024-03-19 18:52:00,4,Gold,18
4760,31,Female,Delhi,Left,No,2024-03-03 07:40:00,2,Plus,23
2122,19,Male,Hyderabad,Right,Yes,2024-03-29 05:24:00,3,Free,23
2571,39,Female,Hyderabad,Right,No,2024-03-01 19:01:00,2,Plus,15
1977,28,Female,Kolkata,Right,Yes,2024-03-18 15:45:00,5,Plus,26
2008,18,Male,Bangalore,Left,No,2024-03-14 09:21:00,7,Free,30
3143,36,Other,Delhi,Left,No,2024-03-30 04:49:00,4,Plus,25
2687,38,Female,Hyderabad,Left,No,2024-03-15 04:25:00,2,Free,45
3710,21,Female,Mumbai,Left,No,2024-03-25 04:06:00,0,Free,16
4261,36,Male,Hyderabad,Left,No,2024-03-23 07:13:00,3,Free,39
4807,43,Male,Mumbai,Left,No,2024-03-03 23:10:00,3,Free,48
1036,38,Male,Delhi,Left,No,2024-03-30 17:34:00,2,Free,45
4851,28,Female,Hyderabad,Left,No,2024-03-04 06:03:00,1,Free,14
4440,25,Male,Hyderabad,Right,Yes,2024-03-28 16:44:00,7,Gold,17
4766,28,Female,Delhi,Right,Yes,2024-03-21 16:49:00,4,Gold,12
2548,21,Female,Hyderabad,Right,Yes,2024-03-24 23:52:00,7,Plus,29
3326,34,Male,Mumbai,Right,No,2024-03-03 15:06:00,4,Plus,32
3264,44,Female,Hyderabad,Right,Yes,2024-03-16 00:50:00,2,Gold,56
3914,24,Male,Bangalore,Left,No,2024-03-20 22:26:00,2,Free,24
1872,25,Other,Kolkata,Left,No,2024-03-07 09:10:00,4,Free,52
2821,20,Female,Mumbai,Right,No,2024-03-27 12:36:00,2,Free,13
2296,39,Male,Bangalore,Right,Yes,2024-03-28 09:29:00,5,Plus,56
4952,19,Male,Delhi,Right,No,2024-03-28 13:01:00,4,Free,20
3109,40,Male,Mumbai,Right,No,2024-03-21 15:09:00,0,Plus,15
1595,32,Female,Kolkata,Left,No,2024-03-11 08:12:00,0,Free,56
2903,41,Female,Kolkata,Right,No,2024-03-07 16:43:00,4,Free,53
1728,39,Female,Delhi,Right,No,2024-03-07 21:43:00,2,Plus,4
2365,39,Male,Delhi,Left,No,2024-03-15 14:42:00,2,Free,54
1396,22,Male,Mumbai,Right,No,2024-03-05 18:29:00,5,Free,34
1698,41,Male,Hyderabad,Left,No,2024-03-29 01:57:00,3,Free,28
4090,18,Female,Delhi,Right,No,2024-03-30 17:53:00,4,Free,50
3224,43,Female,Hyderabad,Right,Yes,2024-03-15 12:38:00,0,Plus,2
2635,21,Male,Bangalore,Left,No,2024-03-20 16:59:00,2,Free,57
1395,32,Male,Kolkata,Right,No,2024-03-30 19:39:00,3,Free,47
3492,37,Female,Hyderabad,Left,No,2024-03-18 13:14:00,3,Free,30
4304,36,Female,Kolkata,Right,No,2024-03-13 06:56:00,2,Plus,26
4986,20,Female,Hyderabad,Left,No,2024-03-03 01:22:00,3,Free,51
1075,37,Female,Bangalore,Right,Yes,2024-03-10 14:51:00,2,Free,47
1264,28,Male,Delhi,Left,No,2024-03-04 16:16:00,2,Plus,26
3502,34,Male,Bangalore,Right,No,2024-03-11 05:45:00,4,Free,20
2819,44,Female,Delhi,Left,No,2024-03-04 23:30:00,4,Plus,42
1717,30,Female,Delhi,Right,Yes,2024-03-10 16:01:00,1,Free,28
3782,28,Male,Kolkata,Right,No,2024-03-23 20:14:00,4,Free,56
4455,19,Female,Bangalore,Superlike,No,2024-03-04 21:22:00,1,Free,20
4635,26,Female,Hyderabad,Right,Yes,2024-03-13 04:55:00,5,Gold,11
1850,43,Female,Bangalore,Right,No,2024-03-14 05:03:00,1,Plus,58
4577,19,Female,Kolkata,Left,No,2024-03-12 02:37:00,4,Free,10
2390,38,Male,Delhi,Left,No,2024-03-13 07:50:00,3,Free,23
1143,26,Female,Kolkata,Left,No,2024-03-30 03:39:00,2,Plus,37
1884,26,Female,Mumbai,Right,Yes,2024-03-16 20:37:00,2,Free,41
4140,25,Female,Mumbai,Right,No,2024-03-11 09:57:00,1,Plus,52
4170,34,Female,Hyderabad,Left,No,2024-03-28 09:19:00,2,Free,19
1395,18,Female,Kolkata,Right,No,2024-03-17 00:27:00,1,Plus,45
4096,42,Male,Hyderabad,Right,No,2024-03-15 12:43:00,3,Free,18
3995,28,Female,Hyderabad,Right,Yes,2024-03-07 03:56:00,1,Free,49
3938,25,Female,Mumbai,Left,No,2024-03-03 00:07:00,1,Free,27
2492,27,Female,Hyderabad,Left,No,2024-03-30 11:02:00,2,Gold,6
4555,42,Female,Mumbai,Left,No,2024-03-26 14:14:00,5,Free,10
4636,24,Female,Delhi,Right,Yes,2024-03-26 15:48:00,6,Free,2
4222,20,Female,Kolkata,Left,No,2024-03-02 23:21:00,2,Free,24
2167,20,Female,Hyderabad,Left,No,2024-03-20 23:16:00,3,Free,38
3616,35,Male,Mumbai,Right,No,2024-03-05 04:40:00,5,Plus,28
2062,22,Male,Bangalore,Right,No,2024-03-08 03:44:00,5,Plus,28
3156,29,Female,Hyderabad,Right,Yes,2024-03-22 01:41:00,0,Free,53
4764,29,Female,Delhi,Left,No,2024-03-04 07:18:00,3,Gold,45
2065,36,Male,Delhi,Left,No,2024-03-12 19:30:00,3,Plus,50
2209,23,Male,Bangalore,Right,No,2024-03-22 23:38:00,1,Plus,39
3982,19,Female,Mumbai,Left,No,2024-03-27 05:42:00,1,Free,2
3445,29,Male,Hyderabad,Left,No,2024-03-01 22:55:00,0,Plus,46
4294,36,Male,Mumbai,Left,No,2024-03-24 13:49:00,3,Free,5
1633,22,Male,Delhi,Left,No,2024-03-16 08:12:00,2,Free,50
2156,29,Male,Mumbai,Left,No,2024-03-01 08:10:00,1,Plus,11
4234,44,Male,Delhi,Left,No,2024-03-03 14:09:00,6,Free,10
2238,44,Male,Mumbai,Left,No,2024-03-05 03:34:00,0,Free,43
1732,34,Male,Bangalore,Left,No,2024-03-14 16:00:00,1,Plus,59
1234,34,Female,Kolkata,Right,No,2024-03-13 17:24:00,3,Plus,2
4914,27,Female,Bangalore,Left,No,2024-03-22 18:14:00,2,Free,15
3705,42,Female,Bangalore,Right,No,2024-03-15 20:38:00,2,Plus,39
1750,40,Male,Kolkata,Left,No,2024-03-25 01:30:00,6,Free,41
3635,34,Male,Kolkata,Left,No,2024-03-15 18:52:00,3,Free,37
4080,32,Female,Hyderabad,Right,No,2024-03-25 19:55:00,1,Plus,7
4145,29,Male,Hyderabad,Left,No,2024-03-27 15:13:00,3,Free,20
1953,33,Female,Bangalore,Left,No,2024-03-03 04:39:00,4,Free,34
3539,41,Female,Bangalore,Left,No,2024-03-23 15:46:00,0,Free,35
3960,36,Female,Delhi,Right,No,2024-03-21 09:11:00,2,Free,34
4324,25,Male,Delhi,Left,No,2024-03-26 21:38:00,1,Free,53
4301,38,Male,Hyderabad,Left,No,2024-03-12 20:25:00,3,Plus,22
2542,34,Female,Hyderabad,Right,No,2024-03-16 00:38:00,5,Plus,31
2197,40,Male,Delhi,Left,No,2024-03-01 17:53:00,4,Free,23
2676,22,Female,Delhi,Left,No,2024-03-14 00:51:00,2,Plus,19
2191,39,Female,Mumbai,Left,No,2024-03-25 15:01:00,3,Free,4
3217,33,Other,Mumbai,Right,No,2024-03-30 09:30:00,3,Free,24
2416,23,Male,Delhi,Left,No,2024-03-21 08:40:00,5,Plus,20
3993,25,Female,Mumbai,Left,No,2024-03-04 00:20:00,1,Free,39
3842,42,Female,Kolkata,Left,No,2024-03-25 06:04:00,4,Free,28
3681,35,Male,Hyderabad,Right,No,2024-03-12 05:44:00,0,Free,54
2217,42,Male,Hyderabad,Left,No,2024-03-29 06:54:00,2,Free,39
2540,29,Female,Delhi,Superlike,No,2024-03-02 19:00:00,2,Plus,17
3076,32,Male,Bangalore,Left,No,2024-03-28 19:05:00,1,Free,19
4236,44,Male,Delhi,Superlike,No,2024-03-21 02:47:00,4,Free,54
2445,43,Male,Mumbai,Right,No,2024-03-02 11:59:00,5,Free,48
3386,26,Female,Bangalore,Left,No,2024-03-10 15:40:00,2,Free,35
4719,30,Female,Mumbai,Left,No,2024-03-08 22:40:00,4,Free,32
2519,43,Female,Kolkata,Left,No,2024-03-11 04:38:00,4,Free,47
2388,32,Male,Mumbai,Left,No,2024-03-09 08:21:00,2,Plus,46
2856,27,Male,Kolkata,Right,No,2024-03-05 16:52:00,2,Gold,47
2365,33,Female,Kolkata,Left,No,2024-03-02 03:07:00,3,Free,46
1499,24,Female,Mumbai,Left,No,2024-03-06 16:59:00,3,Free,39
2680,34,Male,Mumbai,Left,No,2024-03-17 07:04:00,3,Free,57
1510,40,Female,Kolkata,Right,No,2024-03-21 23:52:00,4,Gold,35
4398,43,Other,Bangalore,Left,No,2024-03-30 12:01:00,5,Gold,30
1216,38,Female,Kolkata,Left,No,2024-03-06 21:28:00,4,Free,17
2324,39,Female,Hyderabad,Left,No,2024-03-25 06:29:00,4,Plus,42
2155,43,Other,Kolkata,Right,No,2024-03-28 17:32:00,2,Free,47
2827,24,Male,Bangalore,Right,Yes,2024-03-14 04:21:00,2,Free,29
4141,31,Female,Hyderabad,Left,No,2024-03-01 15:01:00,5,Free,6
4323,32,Other,Delhi,Left,No,2024-03-16 14:04:00,2,Free,17
4486,38,Male,Delhi,Left,No,2024-03-30 04:58:00,1,Free,17
2810,24,Female,Bangalore,Left,No,2024-03-13 13:01:00,2,Free,14
3492,26,Female,Kolkata,Right,No,2024-03-03 00:01:00,4,Free,24
3923,36,Female,Mumbai,Right,No,2024-03-21 17:43:00,2,Free,57
2205,33,Female,Bangalore,Left,No,2024-03-04 21:42:00,4,Free,50
3214,25,Other,Hyderabad,Right,No,2024-03-01 22:58:00,1,Free,57
1090,35,Female,Hyderabad,Left,No,2024-03-13 05:52:00,3,Free,37
1713,44,Male,Delhi,Right,No,2024-03-20 15:51:00,5,Free,40
2881,40,Female,Hyderabad,Right,No,2024-03-04 22:10:00,4,Free,39
4602,35,Male,Bangalore,Left,No,2024-03-30 07:44:00,1,Free,55
1038,37,Male,Hyderabad,Right,No,2024-03-05 21:16:00,2,Free,32
4197,24,Female,Bangalore,Left,No,2024-03-28 06:15:00,2,Free,36
4522,20,Female,Mumbai,Left,No,2024-03-16 14:59:00,7,Free,50
1172,35,Male,Delhi,Left,No,2024-03-26 16:56:00,2,Free,37
1652,44,Other,Hyderabad,Left,No,2024-03-04 04:43:00,3,Plus,48
1753,27,Female,Bangalore,Right,Yes,2024-03-20 06:53:00,3,Free,14
2243,24,Female,Kolkata,Right,Yes,2024-03-14 20:17:00,6,Free,27
4709,34,Male,Delhi,Right,Yes,2024-03-09 18:32:00,2,Free,59
2081,31,Other,Mumbai,Right,No,2024-03-22 06:07:00,2,Free,19
2683,41,Other,Bangalore,Right,No,2024-03-19 06:57:00,2,Free,31
3523,20,Female,Mumbai,Left,No,2024-03-01 03:40:00,1,Free,46
1455,29,Male,Mumbai,Left,No,2024-03-04 08:18:00,3,Free,9
1828,30,Male,Hyderabad,Left,No,2024-03-06 02:29:00,5,Gold,38
1894,19,Male,Hyderabad,Right,No,2024-03-04 21:38:00,4,Free,17
2384,20,Male,Bangalore,Right,No,2024-03-20 01:44:00,4,Free,19
2958,22,Male,Kolkata,Left,No,2024-03-30 14:24:00,3,Free,44
4072,28,Other,Bangalore,Right,No,2024-03-26 22:24:00,2,Gold,4
3434,25,Female,Kolkata,Right,No,2024-03-13 16:15:00,4,Plus,48
2996,43,Male,Mumbai,Left,No,2024-03-17 20:59:00,3,Free,57
3395,40,Male,Delhi,Left,No,2024-03-02 00:22:00,3,Plus,11
1189,40,Male,Bangalore,Left,No,2024-03-12 01:05:00,1,Free,22
1504,29,Male,Bangalore,Left,No,2024-03-18 07:20:00,4,Plus,4
2214,24,Male,Kolkata,Left,No,2024-03-12 06:52:00,3,Plus,17
2531,32,Male,Mumbai,Left,No,2024-03-29 11:24:00,1,Free,8
4440,41,Female,Mumbai,Left,No,2024-03-29 04:21:00,1,Plus,46
4480,34,Other,Kolkata,Left,No,2024-03-25 04:36:00,1,Free,59
1823,21,Male,Mumbai,Right,No,2024-03-04 23:53:00,2,Free,34
1928,39,Male,Hyderabad,Left,No,2024-03-28 18:45:00,3,Free,11
1933,42,Female,Delhi,Right,Yes,2024-03-10 20:15:00,3,Plus,31
2140,30,Male,Bangalore,Left,No,2024-03-05 07:11:00,3,Free,11
1133,35,Male,Delhi,Left,No,2024-03-13 10:18:00,1,Free,56
3105,18,Female,Bangalore,Right,No,2024-03-14 04:22:00,3,Plus,54
4627,33,Male,Hyderabad,Left,No,2024-03-11 03:42:00,2,Free,56
1684,30,Female,Mumbai,Left,No,2024-03-01 16:41:00,1,Free,38
3719,27,Female,Kolkata,Right,No,2024-03-30 20:40:00,1,Free,53
3220,29,Male,Hyderabad,Left,No,2024-03-17 04:03:00,1,Free,21
2852,19,Male,Delhi,Left,No,2024-03-15 21:15:00,4,Free,46
1814,40,Female,Kolkata,Left,No,2024-03-19 21:43:00,3,Free,30
2172,20,Male,Mumbai,Left,No,2024-03-26 20:44:00,2,Gold,10
1079,27,Male,Hyderabad,Left,No,2024-03-21 20:24:00,2,Plus,26
3933,19,Female,Kolkata,Left,No,2024-03-22 08:14:00,3,Free,27
4284,44,Female,Hyderabad,Right,No,2024-03-01 08:35:00,2,Free,8
1202,40,Male,Hyderabad,Right,Yes,2024-03-01 19:51:00,4,Free,39
3811,30,Female,Mumbai,Right,No,2024-03-23 09:44:00,2,Free,8
2252,30,Male,Bangalore,Right,No,2024-03-05 08:57:00,3,Free,8
2699,35,Female,Kolkata,Right,Yes,2024-03-20 08:16:00,5,Free,55
2250,20,Female,Mumbai,Left,No,2024-03-06 18:54:00,5,Plus,34
2682,44,Female,Hyderabad,Right,No,2024-03-17 18:42:00,2,Free,59
2555,24,Female,Mumbai,Right,No,2024-03-05 04:08:00,1,Free,16
4512,31,Other,Bangalore,Right,Yes,2024-03-06 13:07:00,1,Plus,41
4473,37,Male,Kolkata,Left,No,2024-03-22 12:06:00,4,Free,13
3094,34,Female,Bangalore,Left,No,2024-03-03 07:32:00,1,Free,23
2256,38,Male,Delhi,Left,No,2024-03-01 13:07:00,4,Free,12
4376,29,Male,Kolkata,Right,No,2024-03-28 01:50:00,1,Free,27
2549,42,Male,Bangalore,Left,No,2024-03-07 20:33:00,5,Plus,22
2166,33,Other,Hyderabad,Right,Yes,2024-03-12 19:26:00,1,Free,32
4486,41,Other,Kolkata,Left,No,2024-03-15 01:05:00,1,Plus,57
4584,29,Male,Kolkata,Left,No,2024-03-26 07:24:00,2,Gold,49
2396,32,Male,Mumbai,Left,No,2024-03-25 13:00:00,4,Gold,27
4637,42,Female,Hyderabad,Left,No,2024-03-28 13:23:00,0,Gold,2
4957,27,Male,Delhi,Left,No,2024-03-04 11:53:00,4,Free,45
4330,42,Male,Bangalore,Left,No,2024-03-06 09:48:00,0,Free,33
3703,24,Female,Mumbai,Superlike,No,2024-03-11 21:29:00,1,Free,26
1470,37,Female,Bangalore,Left,No,2024-03-15 23:58:00,3,Free,28
4018,22,Other,Delhi,Left,No,2024-03-27 00:40:00,1,Plus,19
2035,18,Male,Delhi,Right,Yes,2024-03-21 15:03:00,4,Free,43
2353,34,Male,Kolkata,Right,No,2024-03-01 01:06:00,3,Gold,5
3783,20,Female,Delhi,Right,Yes,2024-03-06 05:33:00,2,Plus,33
3831,30,Female,Bangalore,Left,No,2024-03-11 11:43:00,4,Gold,20
1967,31,Female,Hyderabad,Right,No,2024-03-04 04:56:00,7,Plus,30
1357,41,Female,Hyderabad,Right,No,2024-03-27 17:38:00,4,Free,45
4019,35,Male,Kolkata,Left,No,2024-03-09 04:12:00,4,Free,8
4479,21,Female,Bangalore,Left,No,2024-03-17 13:29:00,3,Free,38
1667,35,Male,Bangalore,Left,No,2024-03-09 23:40:00,3,Free,17
1372,22,Male,Delhi,Left,No,2024-03-12 18:12:00,2,Free,44
2031,42,Female,Bangalore,Right,No,2024-03-21 16:09:00,2,Plus,1
2145,33,Male,Mumbai,Left,No,2024-03-18 02:48:00,3,Plus,3
2371,18,Male,Delhi,Right,Yes,2024-03-23 21:26:00,3,Free,46
3723,38,Female,Mumbai,Left,No,2024-03-20 06:57:00,2,Free,26
1089,31,Female,Kolkata,Left,No,2024-03-23 14:47:00,3,Free,31
4719,32,Female,Hyderabad,Left,No,2024-03-12 22:14:00,3,Free,8
3745,26,Male,Kolkata,Left,No,2024-03-30 13:58:00,3,Free,43
4387,32,Female,Hyderabad,Right,Yes,2024-03-10 13:58:00,4,Free,59
4249,34,Male,Kolkata,Right,No,2024-03-13 04:38:00,3,Free,46
1539,42,Male,Bangalore,Left,No,2024-03-01 02:58:00,8,Free,8
3779,41,Other,Mumbai,Left,No,2024-03-15 05:10:00,3,Free,35
1868,21,Female,Hyderabad,Left,No,2024-03-12 21:18:00,2,Free,39
1040,29,Female,Delhi,Right,No,2024-03-16 16:56:00,4,Free,28
1739,44,Male,Mumbai,Left,No,2024-03-01 13:18:00,0,Free,51
4775,43,Female,Delhi,Left,No,2024-03-06 06:41:00,4,Free,4
2946,22,Female,Mumbai,Right,No,2024-03-18 14:43:00,2,Gold,57
3549,22,Female,Mumbai,Right,No,2024-03-02 22:35:00,1,Free,16
4006,28,Female,Kolkata,Left,No,2024-03-23 04:06:00,2,Free,13
4216,23,Male,Hyderabad,Left,No,2024-03-26 22:36:00,1,Plus,20
2224,24,Male,Hyderabad,Right,No,2024-03-06 01:37:00,1,Free,51
1928,41,Female,Mumbai,Right,Yes,2024-03-03 03:24:00,4,Gold,5
3036,31,Male,Bangalore,Left,No,2024-03-22 01:29:00,3,Free,55
4795,41,Male,Bangalore,Right,No,2024-03-08 17:10:00,2,Free,37
3508,28,Other,Delhi,Right,No,2024-03-01 12:11:00,3,Free,20
3779,30,Female,Delhi,Left,No,2024-03-01 18:49:00,3,Free,24
3799,19,Female,Kolkata,Left,No,2024-03-20 11:02:00,3,Free,36
1924,42,Female,Mumbai,Left,No,2024-03-02 02:45:00,5,Free,34
3956,24,Female,Delhi,Right,Yes,2024-03-09 07:30:00,4,Free,58
2581,37,Male,Delhi,Left,No,2024-03-21 07:45:00,1,Free,45
4618,21,Male,Mumbai,Right,Yes,2024-03-23 10:50:00,2,Free,48
4324,44,Male,Kolkata,Right,No,2024-03-03 00:53:00,3,Free,54
1389,25,Male,Delhi,Left,No,2024-03-11 13:07:00,3,Free,34
2617,37,Female,Kolkata,Right,No,2024-03-18 21:51:00,5,Free,19
3930,39,Male,Hyderabad,Right,Yes,2024-03-18 07:00:00,2,Free,17
1255,38,Female,Kolkata,Left,No,2024-03-04 12:34:00,3,Plus,5
1708,36,Male,Bangalore,Left,No,2024-03-19 08:26:00,4,Free,25
2838,30,Male,Bangalore,Left,No,2024-03-28 16:27:00,2,Free,18
2944,31,Male,Kolkata,Right,No,2024-03-01 14:53:00,2,Free,55
3497,27,Male,Bangalore,Superlike,No,2024-03-24 17:18:00,1,Free,53
1009,28,Male,Hyderabad,Left,No,2024-03-14 17:33:00,3,Gold,50
3871,19,Male,Mumbai,Right,Yes,2024-03-03 22:39:00,4,Free,8
1797,42,Male,Bangalore,Left,No,2024-03-15 11:43:00,6,Free,27
4313,43,Female,Bangalore,Left,No,2024-03-03 09:12:00,2,Free,15
